{"0": [[0.26300727684204517, 0.48513471953446996, 0.8491417036699047], [0.7518785807425733, 0.029752222747783996, 0.5887209536993653], [0.7761974553100254, 0.19546118308946114, 0.6158427400193519]]
, "1": [[0.029027546749207156, 0.9596392488940668, 0.054290564347959425], [0.8792382327744873, 0.4842657230586963, 0.5985550149648665], [0.2892086218859313, 0.3626276202039942, 0.6700932067358675]]
, "2": [[0.6522038778448653, 0.28423090494141323, 0.05590092696332172], [0.2836377068594478, 0.09781821643160182, 0.6822000693953171], [0.14111826833715846, 0.8575015422476077, 0.7231015975001829]]
, "3": [[0.647014824270405, 0.5743436653420422, 0.34113078456058654], [0.4654658024389251, 0.9898657107200758, 0.03872021770708478], [0.268902984084759, 0.05321547844433949, 0.1327202215246065]]
, "4": [[0.739168054388306, 0.5112623311338964, 0.33032336722590006], [0.9690603029875725, 0.5912395531612223, 0.9805000116454766], [0.6678436037935193, 0.03758394798617892, 0.17314364493622258]]
, "5": [[10, 20, 23,  4], [15, 13,  6, 25], [ 2, 22, 35, 34], [12,  3, 14, 17]]
, "6": [[0.43045255, 0.78681387, 0.07514408, 0.72583933, 0.52916145, 0.87483212, 0.34701621], [0.68704291, 0.45392742, 0.46862110, 0.67669006, 0.23817468, 0.87520581, 0.67311418], [0.38505150, 0.05974168, 0.11388629, 0.28978058, 0.66089373, 0.92592403, 0.70718757], [0.24975701, 0.16937649, 0.42003672, 0.88231235, 0.74635725, 0.59854858, 0.88631100], [0.64895582, 0.58909596, 0.99772334, 0.85522575, 0.33916707, 0.72873479, 0.26826203], [0.47939038, 0.88484586, 0.05122520, 0.83527995, 0.37219939, 0.20375257, 0.50482283], [0.58926554, 0.45176739, 0.25217475, 0.83548120, 0.41687026, 0.00293049, 0.23939052]]
, "7": [[0.71773280, 0.28980792, 0.86571783, 0.44026587, 0.53155829], [0.30556295, 0.56751479, 0.75442822, 0.62446877, 0.30992529], [0.83717620, 0.52213939, 0.54137934, 0.15001555, 0.70178034], [0.53279199, 0.08006661, 0.70693305, 0.29315974, 0.69018493], [0.03981310, 0.25511235, 0.94795653, 0.41611858, 0.50587076]]}